<?xml version="1.0" encoding="UTF-8" standalone="yes"?>
<manifest>
  <control namespace="d365" constructor="MultipleLinesHTML" version="0.0.1" display-name-key="MultipleLinesHTML" description-key="MultipleLinesHTML description" control-type="standard" api-version="1.2.1">
    <type-group name="MultipleLinesText">
      <type>Multiple</type>
      <type>SingleLine.TextArea</type>
    </type-group>
    <property name="html" display-name-key="html" description-key="html" of-type-group="MultipleLinesText" usage="bound" required="true"/>
    <resources>
      <code path="bundle.js" order="1"/>
      <css path="skin.min.css" order="1"/>
      <css path="content.min.css" order="2"/>
      <css path="content.css" order="3"/>
    </resources>
    <built-by name="pac" version="1.1.6"/>
  </control>
</manifest>